step	loss
0	0.09291809052228928
1	0.056065477430820465
2	0.027903934940695763
3	0.03313245251774788
4	0.02231772430241108
5	0.01980162039399147
6	0.02011006884276867
7	0.019882457330822945
8	0.019290799275040627
