{
    "train": {
        "loss": 0.02950512431561947
    },
    "eval": {
        "loss": 0.019290799275040627
    },
    "dice_multi": 0.899240288613029,
    "step": 8
}